"Campaign","Ad Group","Ad type","Headline 1","Headline 2","Headline 3","Headline 4","Headline 5","Headline 6","Headline 7","Headline 8","Headline 9","Headline 10","Headline 11","Headline 12","Description 1","Description 2","Description 3","Description 4","Path 1","Path 2","Final URL"
"INS | Search | Web","Estandares Mineros - LOTO - Mineras","Responsive search ad","Aislación y Bloqueo Codelco","INSECAP Capacitaciones","OTEC con 16+ Años en Chile","Cursos con Código SENCE","Cotiza para tu Empresa Hoy","Presencial y E-learning","Sedes en Calama y Antofagasta","Solicita tu Cotización","Certificación para tu Equipo","Cursos Cerrados para Empresas","Estándares de Mineras","","Capacita a tu equipo con una OTEC de 16+ años. Presencial, sincrónico o e-learning.","Cursos con código SENCE para usar tu franquicia tributaria. Cotiza en línea.","Sedes en Calama, Antofagasta, Santiago y Vallenar. Cursos cerrados para empresas.","Elige modalidad, horas y estándar según tu operación. Pide tu cotización hoy.","cursos","loto","https://insecap.cl/es/curso-empresa/curso-aislacion-y-bloqueo-loto"
"INS | Search | Web","Seguridad Empresas - Trabajo en Altura","Responsive search ad","Curso Trabajo en Altura","INSECAP Capacitaciones","OTEC con 16+ Años en Chile","Cursos con Código SENCE","Cotiza para tu Empresa Hoy","Presencial y E-learning","Sedes en Calama y Antofagasta","Solicita tu Cotización","Certificación para tu Equipo","Cursos Cerrados para Empresas","Estándares de Mineras","","Capacita a tu equipo con una OTEC de 16+ años. Presencial, sincrónico o e-learning.","Cursos con código SENCE para usar tu franquicia tributaria. Cotiza en línea.","Sedes en Calama, Antofagasta, Santiago y Vallenar. Cursos cerrados para empresas.","Elige modalidad, horas y estándar según tu operación. Pide tu cotización hoy.","cursos","altura","https://insecap.cl/es/curso-empresa/curso-trabajo-en-altura"
"INS | Search | Web","Seguridad Empresas - Espacios Confinados","Responsive search ad","Curso Espacios Confinados","INSECAP Capacitaciones","OTEC con 16+ Años en Chile","Cursos con Código SENCE","Cotiza para tu Empresa Hoy","Presencial y E-learning","Sedes en Calama y Antofagasta","Solicita tu Cotización","Certificación para tu Equipo","Cursos Cerrados para Empresas","Estándares de Mineras","","Capacita a tu equipo con una OTEC de 16+ años. Presencial, sincrónico o e-learning.","Cursos con código SENCE para usar tu franquicia tributaria. Cotiza en línea.","Sedes en Calama, Antofagasta, Santiago y Vallenar. Cursos cerrados para empresas.","Elige modalidad, horas y estándar según tu operación. Pide tu cotización hoy.","cursos","confinados","https://insecap.cl/es/curso-empresa/curso-espacios-confinados"
"INS | Search | Web","Seguridad Empresas - Izaje y Rigger","Responsive search ad","Curso Rigger e Izaje","INSECAP Capacitaciones","OTEC con 16+ Años en Chile","Cursos con Código SENCE","Cotiza para tu Empresa Hoy","Presencial y E-learning","Sedes en Calama y Antofagasta","Solicita tu Cotización","Certificación para tu Equipo","Cursos Cerrados para Empresas","Estándares de Mineras","","Capacita a tu equipo con una OTEC de 16+ años. Presencial, sincrónico o e-learning.","Cursos con código SENCE para usar tu franquicia tributaria. Cotiza en línea.","Sedes en Calama, Antofagasta, Santiago y Vallenar. Cursos cerrados para empresas.","Elige modalidad, horas y estándar según tu operación. Pide tu cotización hoy.","cursos","izaje","https://insecap.cl/es/curso-empresa/curso-izaje-y-cargas-suspendidas"
"INS | Search | Web","Seguridad Empresas - Andamios","Responsive search ad","Curso Montaje de Andamios","INSECAP Capacitaciones","OTEC con 16+ Años en Chile","Cursos con Código SENCE","Cotiza para tu Empresa Hoy","Presencial y E-learning","Sedes en Calama y Antofagasta","Solicita tu Cotización","Certificación para tu Equipo","Cursos Cerrados para Empresas","Estándares de Mineras","","Capacita a tu equipo con una OTEC de 16+ años. Presencial, sincrónico o e-learning.","Cursos con código SENCE para usar tu franquicia tributaria. Cotiza en línea.","Sedes en Calama, Antofagasta, Santiago y Vallenar. Cursos cerrados para empresas.","Elige modalidad, horas y estándar según tu operación. Pide tu cotización hoy.","cursos","andamios","https://insecap.cl/es/curso-empresa/curso-montaje-y-uso-de-andamios"
"INS | Search | Web","Seguridad Empresas - Trabajos en Caliente","Responsive search ad","Curso Trabajos en Caliente","INSECAP Capacitaciones","OTEC con 16+ Años en Chile","Cursos con Código SENCE","Cotiza para tu Empresa Hoy","Presencial y E-learning","Sedes en Calama y Antofagasta","Solicita tu Cotización","Certificación para tu Equipo","Cursos Cerrados para Empresas","Estándares de Mineras","","Capacita a tu equipo con una OTEC de 16+ años. Presencial, sincrónico o e-learning.","Cursos con código SENCE para usar tu franquicia tributaria. Cotiza en línea.","Sedes en Calama, Antofagasta, Santiago y Vallenar. Cursos cerrados para empresas.","Elige modalidad, horas y estándar según tu operación. Pide tu cotización hoy.","cursos","caliente","https://insecap.cl/es/curso-empresa/curso-trabajos-en-caliente"
"INS | Search | Web","Seguridad Empresas - Incendio y Extintores","Responsive search ad","Curso Uso de Extintores","INSECAP Capacitaciones","OTEC con 16+ Años en Chile","Cursos con Código SENCE","Cotiza para tu Empresa Hoy","Presencial y E-learning","Sedes en Calama y Antofagasta","Solicita tu Cotización","Certificación para tu Equipo","Cursos Cerrados para Empresas","Estándares de Mineras","","Capacita a tu equipo con una OTEC de 16+ años. Presencial, sincrónico o e-learning.","Cursos con código SENCE para usar tu franquicia tributaria. Cotiza en línea.","Sedes en Calama, Antofagasta, Santiago y Vallenar. Cursos cerrados para empresas.","Elige modalidad, horas y estándar según tu operación. Pide tu cotización hoy.","cursos","emergencias","https://insecap.cl/es/curso-empresa/curso-incendio-y-emergencias"
"INS | Search | Web","Seguridad Empresas - Primeros Auxilios","Responsive search ad","Curso Primeros Auxilios","INSECAP Capacitaciones","OTEC con 16+ Años en Chile","Cursos con Código SENCE","Cotiza para tu Empresa Hoy","Presencial y E-learning","Sedes en Calama y Antofagasta","Solicita tu Cotización","Certificación para tu Equipo","Cursos Cerrados para Empresas","Estándares de Mineras","","Capacita a tu equipo con una OTEC de 16+ años. Presencial, sincrónico o e-learning.","Cursos con código SENCE para usar tu franquicia tributaria. Cotiza en línea.","Sedes en Calama, Antofagasta, Santiago y Vallenar. Cursos cerrados para empresas.","Elige modalidad, horas y estándar según tu operación. Pide tu cotización hoy.","cursos","auxilios","https://insecap.cl/es/curso-empresa/curso-primeros-auxilios"
"INS | Search | Web","Seguridad Empresas - Manejo Defensivo","Responsive search ad","Curso Manejo Defensivo","INSECAP Capacitaciones","OTEC con 16+ Años en Chile","Cursos con Código SENCE","Cotiza para tu Empresa Hoy","Presencial y E-learning","Sedes en Calama y Antofagasta","Solicita tu Cotización","Certificación para tu Equipo","Cursos Cerrados para Empresas","Estándares de Mineras","","Capacita a tu equipo con una OTEC de 16+ años. Presencial, sincrónico o e-learning.","Cursos con código SENCE para usar tu franquicia tributaria. Cotiza en línea.","Sedes en Calama, Antofagasta, Santiago y Vallenar. Cursos cerrados para empresas.","Elige modalidad, horas y estándar según tu operación. Pide tu cotización hoy.","cursos","conduccion","https://insecap.cl/es/curso-empresa/curso-manejo-defensivo-y-conduccion-segura"
"INS | Search | Web","Operacion de Equipos - Grua Horquilla","Responsive search ad","Curso Grúa Horquilla","INSECAP Capacitaciones","OTEC con 16+ Años en Chile","Cursos con Código SENCE","Cotiza para tu Empresa Hoy","Presencial y E-learning","Sedes en Calama y Antofagasta","Solicita tu Cotización","Certificación para tu Equipo","Cursos Cerrados para Empresas","Estándares de Mineras","","Capacita a tu equipo con una OTEC de 16+ años. Presencial, sincrónico o e-learning.","Cursos con código SENCE para usar tu franquicia tributaria. Cotiza en línea.","Sedes en Calama, Antofagasta, Santiago y Vallenar. Cursos cerrados para empresas.","Elige modalidad, horas y estándar según tu operación. Pide tu cotización hoy.","cursos","grua","https://insecap.cl/es/curso-empresa/curso-operacion-de-grua-horquilla-y-apilador"
"INS | Search | Web","Operacion de Equipos - Grua Puente","Responsive search ad","Curso Operador Puente Grúa","INSECAP Capacitaciones","OTEC con 16+ Años en Chile","Cursos con Código SENCE","Cotiza para tu Empresa Hoy","Presencial y E-learning","Sedes en Calama y Antofagasta","Solicita tu Cotización","Certificación para tu Equipo","Cursos Cerrados para Empresas","Estándares de Mineras","","Capacita a tu equipo con una OTEC de 16+ años. Presencial, sincrónico o e-learning.","Cursos con código SENCE para usar tu franquicia tributaria. Cotiza en línea.","Sedes en Calama, Antofagasta, Santiago y Vallenar. Cursos cerrados para empresas.","Elige modalidad, horas y estándar según tu operación. Pide tu cotización hoy.","cursos","grua","https://insecap.cl/es/curso-empresa/curso-operacion-de-grua-puente"
"INS | Search | Web","Operacion de Equipos - CAEX","Responsive search ad","Curso Operador CAEX","INSECAP Capacitaciones","OTEC con 16+ Años en Chile","Cursos con Código SENCE","Cotiza para tu Empresa Hoy","Presencial y E-learning","Sedes en Calama y Antofagasta","Solicita tu Cotización","Certificación para tu Equipo","Cursos Cerrados para Empresas","Estándares de Mineras","","Capacita a tu equipo con una OTEC de 16+ años. Presencial, sincrónico o e-learning.","Cursos con código SENCE para usar tu franquicia tributaria. Cotiza en línea.","Sedes en Calama, Antofagasta, Santiago y Vallenar. Cursos cerrados para empresas.","Elige modalidad, horas y estándar según tu operación. Pide tu cotización hoy.","cursos","caex","https://insecap.cl/es/curso-empresa/curso-operacion-de-camion-de-extraccion-y-especial"
"INS | Search | Web","Operacion de Equipos - Maquinaria Pesada","Responsive search ad","Cursos Maquinaria Pesada","INSECAP Capacitaciones","OTEC con 16+ Años en Chile","Cursos con Código SENCE","Cotiza para tu Empresa Hoy","Presencial y E-learning","Sedes en Calama y Antofagasta","Solicita tu Cotización","Certificación para tu Equipo","Cursos Cerrados para Empresas","Estándares de Mineras","","Capacita a tu equipo con una OTEC de 16+ años. Presencial, sincrónico o e-learning.","Cursos con código SENCE para usar tu franquicia tributaria. Cotiza en línea.","Sedes en Calama, Antofagasta, Santiago y Vallenar. Cursos cerrados para empresas.","Elige modalidad, horas y estándar según tu operación. Pide tu cotización hoy.","cursos","equipos","https://insecap.cl/es/cursos-empresas"
"INS | Search | Web","Operacion de Equipos - Plataforma Elevadora","Responsive search ad","Curso Plataforma Elevadora","INSECAP Capacitaciones","OTEC con 16+ Años en Chile","Cursos con Código SENCE","Cotiza para tu Empresa Hoy","Presencial y E-learning","Sedes en Calama y Antofagasta","Solicita tu Cotización","Certificación para tu Equipo","Cursos Cerrados para Empresas","Estándares de Mineras","","Capacita a tu equipo con una OTEC de 16+ años. Presencial, sincrónico o e-learning.","Cursos con código SENCE para usar tu franquicia tributaria. Cotiza en línea.","Sedes en Calama, Antofagasta, Santiago y Vallenar. Cursos cerrados para empresas.","Elige modalidad, horas y estándar según tu operación. Pide tu cotización hoy.","cursos","equipos","https://insecap.cl/es/curso-empresa/curso-operacion-de-plataforma-elevadora-tijera-boom"
"INS | Search | Web","Operacion de Equipos - Grua Pluma y Torre","Responsive search ad","Curso Operador Camión Pluma","INSECAP Capacitaciones","OTEC con 16+ Años en Chile","Cursos con Código SENCE","Cotiza para tu Empresa Hoy","Presencial y E-learning","Sedes en Calama y Antofagasta","Solicita tu Cotización","Certificación para tu Equipo","Cursos Cerrados para Empresas","Estándares de Mineras","","Capacita a tu equipo con una OTEC de 16+ años. Presencial, sincrónico o e-learning.","Cursos con código SENCE para usar tu franquicia tributaria. Cotiza en línea.","Sedes en Calama, Antofagasta, Santiago y Vallenar. Cursos cerrados para empresas.","Elige modalidad, horas y estándar según tu operación. Pide tu cotización hoy.","cursos","grua","https://insecap.cl/es/curso-empresa/curso-operacion-de-grua-pluma"
"INS | Search | Web","Tecnicos Industriales - Soldadura","Responsive search ad","Curso Soldadura Industrial","INSECAP Capacitaciones","OTEC con 16+ Años en Chile","Cursos con Código SENCE","Cotiza para tu Empresa Hoy","Presencial y E-learning","Sedes en Calama y Antofagasta","Solicita tu Cotización","Certificación para tu Equipo","Cursos Cerrados para Empresas","Estándares de Mineras","","Capacita a tu equipo con una OTEC de 16+ años. Presencial, sincrónico o e-learning.","Cursos con código SENCE para usar tu franquicia tributaria. Cotiza en línea.","Sedes en Calama, Antofagasta, Santiago y Vallenar. Cursos cerrados para empresas.","Elige modalidad, horas y estándar según tu operación. Pide tu cotización hoy.","cursos","soldadura","https://insecap.cl/es/curso-empresa/curso-soldadura-industrial"
"INS | Search | Web","Tecnicos Industriales - Hidraulica y Neumatica","Responsive search ad","Curso Hidráulica Industrial","INSECAP Capacitaciones","OTEC con 16+ Años en Chile","Cursos con Código SENCE","Cotiza para tu Empresa Hoy","Presencial y E-learning","Sedes en Calama y Antofagasta","Solicita tu Cotización","Certificación para tu Equipo","Cursos Cerrados para Empresas","Estándares de Mineras","","Capacita a tu equipo con una OTEC de 16+ años. Presencial, sincrónico o e-learning.","Cursos con código SENCE para usar tu franquicia tributaria. Cotiza en línea.","Sedes en Calama, Antofagasta, Santiago y Vallenar. Cursos cerrados para empresas.","Elige modalidad, horas y estándar según tu operación. Pide tu cotización hoy.","cursos","hidraulica","https://insecap.cl/es/curso-empresa/curso-hidraulica-y-neumatica"
"INS | Search | Web","Tecnicos Industriales - Electricidad","Responsive search ad","Curso Electricidad Industrial","INSECAP Capacitaciones","OTEC con 16+ Años en Chile","Cursos con Código SENCE","Cotiza para tu Empresa Hoy","Presencial y E-learning","Sedes en Calama y Antofagasta","Solicita tu Cotización","Certificación para tu Equipo","Cursos Cerrados para Empresas","Estándares de Mineras","","Capacita a tu equipo con una OTEC de 16+ años. Presencial, sincrónico o e-learning.","Cursos con código SENCE para usar tu franquicia tributaria. Cotiza en línea.","Sedes en Calama, Antofagasta, Santiago y Vallenar. Cursos cerrados para empresas.","Elige modalidad, horas y estándar según tu operación. Pide tu cotización hoy.","cursos","electricidad","https://insecap.cl/es/curso-empresa/curso-electricidad-industrial"
"INS | Search | Web","Tecnicos Industriales - Mantenimiento","Responsive search ad","Curso Mantenimiento Mecánico","INSECAP Capacitaciones","OTEC con 16+ Años en Chile","Cursos con Código SENCE","Cotiza para tu Empresa Hoy","Presencial y E-learning","Sedes en Calama y Antofagasta","Solicita tu Cotización","Certificación para tu Equipo","Cursos Cerrados para Empresas","Estándares de Mineras","","Capacita a tu equipo con una OTEC de 16+ años. Presencial, sincrónico o e-learning.","Cursos con código SENCE para usar tu franquicia tributaria. Cotiza en línea.","Sedes en Calama, Antofagasta, Santiago y Vallenar. Cursos cerrados para empresas.","Elige modalidad, horas y estándar según tu operación. Pide tu cotización hoy.","cursos","mantencion","https://insecap.cl/es/curso-empresa/curso-mantenimiento-mecanico"
"INS | Search | Web","Local Norte - OTEC Calama","Responsive search ad","OTEC en Calama","INSECAP Capacitaciones","OTEC con 16+ Años en Chile","Cursos con Código SENCE","Cotiza para tu Empresa Hoy","Presencial y E-learning","Sedes en Calama y Antofagasta","Solicita tu Cotización","Certificación para tu Equipo","Cursos Cerrados para Empresas","Estándares de Mineras","","Capacita a tu equipo con una OTEC de 16+ años. Presencial, sincrónico o e-learning.","Cursos con código SENCE para usar tu franquicia tributaria. Cotiza en línea.","Sedes en Calama, Antofagasta, Santiago y Vallenar. Cursos cerrados para empresas.","Elige modalidad, horas y estándar según tu operación. Pide tu cotización hoy.","cursos","calama","https://insecap.cl/es/cursos-empresas"
"INS | Search | Web","Local Norte - OTEC Antofagasta","Responsive search ad","OTEC en Antofagasta","INSECAP Capacitaciones","OTEC con 16+ Años en Chile","Cursos con Código SENCE","Cotiza para tu Empresa Hoy","Presencial y E-learning","Sedes en Calama y Antofagasta","Solicita tu Cotización","Certificación para tu Equipo","Cursos Cerrados para Empresas","Estándares de Mineras","","Capacita a tu equipo con una OTEC de 16+ años. Presencial, sincrónico o e-learning.","Cursos con código SENCE para usar tu franquicia tributaria. Cotiza en línea.","Sedes en Calama, Antofagasta, Santiago y Vallenar. Cursos cerrados para empresas.","Elige modalidad, horas y estándar según tu operación. Pide tu cotización hoy.","cursos","antofagasta","https://insecap.cl/es/cursos-empresas"
"INS | Search | Web","Local Norte - OTEC Atacama","Responsive search ad","OTEC en Vallenar","INSECAP Capacitaciones","OTEC con 16+ Años en Chile","Cursos con Código SENCE","Cotiza para tu Empresa Hoy","Presencial y E-learning","Sedes en Calama y Antofagasta","Solicita tu Cotización","Certificación para tu Equipo","Cursos Cerrados para Empresas","Estándares de Mineras","","Capacita a tu equipo con una OTEC de 16+ años. Presencial, sincrónico o e-learning.","Cursos con código SENCE para usar tu franquicia tributaria. Cotiza en línea.","Sedes en Calama, Antofagasta, Santiago y Vallenar. Cursos cerrados para empresas.","Elige modalidad, horas y estándar según tu operación. Pide tu cotización hoy.","cursos","vallenar","https://insecap.cl/es/cursos-empresas"
"INS | Search | Web","Local Norte - Cursos Abiertos Calama","Responsive search ad","Cursos con Fecha en Calama","INSECAP Capacitaciones","OTEC con 16+ Años en Chile","Cursos con Código SENCE","Cotiza para tu Empresa Hoy","Presencial y E-learning","Sedes en Calama y Antofagasta","Solicita tu Cotización","Certificación para tu Equipo","Cursos Cerrados para Empresas","Estándares de Mineras","","Capacita a tu equipo con una OTEC de 16+ años. Presencial, sincrónico o e-learning.","Cursos con código SENCE para usar tu franquicia tributaria. Cotiza en línea.","Sedes en Calama, Antofagasta, Santiago y Vallenar. Cursos cerrados para empresas.","Elige modalidad, horas y estándar según tu operación. Pide tu cotización hoy.","cursos","calama","https://insecap.cl/es/cursos-abiertos"
"INS | Search | Web","General OTEC - OTEC Empresas","Responsive search ad","OTEC para Empresas","INSECAP Capacitaciones","OTEC con 16+ Años en Chile","Cursos con Código SENCE","Cotiza para tu Empresa Hoy","Presencial y E-learning","Sedes en Calama y Antofagasta","Solicita tu Cotización","Certificación para tu Equipo","Cursos Cerrados para Empresas","Estándares de Mineras","","Capacita a tu equipo con una OTEC de 16+ años. Presencial, sincrónico o e-learning.","Cursos con código SENCE para usar tu franquicia tributaria. Cotiza en línea.","Sedes en Calama, Antofagasta, Santiago y Vallenar. Cursos cerrados para empresas.","Elige modalidad, horas y estándar según tu operación. Pide tu cotización hoy.","cursos","empresas","https://insecap.cl/es/cursos-empresas"
"INS | Search | Web","Marca - Insecap","Responsive search ad","INSECAP Sitio Oficial","INSECAP Capacitaciones","OTEC con 16+ Años en Chile","Cursos con Código SENCE","Cotiza para tu Empresa Hoy","Presencial y E-learning","Sedes en Calama y Antofagasta","Solicita tu Cotización","Certificación para tu Equipo","Cursos Cerrados para Empresas","Creciendo Juntos","","Capacita a tu equipo con una OTEC de 16+ años. Presencial, sincrónico o e-learning.","Cursos con código SENCE para usar tu franquicia tributaria. Cotiza en línea.","Sedes en Calama, Antofagasta, Santiago y Vallenar. Cursos cerrados para empresas.","Elige modalidad, horas y estándar según tu operación. Pide tu cotización hoy.","cursos","oficial","https://insecap.cl/es"
"INS | Search | SAP PM","SAP PM General","Responsive search ad","Especialidad SAP S/4HANA PM","Insecap Minerals","SAP PM a Medida de tu Empresa","9 Cursos Modulares, 162 h","Rutas por Rol de tu Equipo","Práctica en Entorno Propio","Agenda un Diagnóstico","Calama, Antofagasta y Online","Del Aviso al Análisis","Tu SAP ya Está Pagado","Para Minería e Industria","","Formación SAP S/4HANA PM para equipos de mantenimiento: 9 cursos y 162 horas.","Rutas por rol: planificador, técnico, jefatura y confiabilidad. Arma tu programa.","Práctica en nuestro propio entorno SAP: tu sistema productivo no se toca.","Antes de proponer cursos revisamos cómo usa SAP PM tu equipo. Agenda tu diagnóstico.","sap-pm","especialidad","https://insecap.cl/es/especialidades/sap-pm"
"INS | Search | SAP PM","Planificacion y Programacion","Responsive search ad","Planificación en SAP PM","Insecap Minerals","SAP PM a Medida de tu Empresa","9 Cursos Modulares, 162 h","Rutas por Rol de tu Equipo","Práctica en Entorno Propio","Agenda un Diagnóstico","Calama, Antofagasta y Online","Del Aviso al Análisis","Tu SAP ya Está Pagado","Para Minería e Industria","","Formación SAP S/4HANA PM para equipos de mantenimiento: 9 cursos y 162 horas.","Rutas por rol: planificador, técnico, jefatura y confiabilidad. Arma tu programa.","Práctica en nuestro propio entorno SAP: tu sistema productivo no se toca.","Antes de proponer cursos revisamos cómo usa SAP PM tu equipo. Agenda tu diagnóstico.","sap-pm","planificacion","https://insecap.cl/es/especialidades/sap-pm"
"INS | Search | SAP PM","KPI y Confiabilidad","Responsive search ad","KPI de Mantenimiento en SAP","Insecap Minerals","SAP PM a Medida de tu Empresa","9 Cursos Modulares, 162 h","Rutas por Rol de tu Equipo","Práctica en Entorno Propio","Agenda un Diagnóstico","Calama, Antofagasta y Online","Del Aviso al Análisis","Tu SAP ya Está Pagado","Para Minería e Industria","","Formación SAP S/4HANA PM para equipos de mantenimiento: 9 cursos y 162 horas.","Rutas por rol: planificador, técnico, jefatura y confiabilidad. Arma tu programa.","Práctica en nuestro propio entorno SAP: tu sistema productivo no se toca.","Antes de proponer cursos revisamos cómo usa SAP PM tu equipo. Agenda tu diagnóstico.","sap-pm","kpi","https://insecap.cl/es/especialidades/sap-pm"
