"Campaign","Ad Group","Keyword","Criterion Type","Final URL"
"INS | Search | Web","Estandares Mineros - LOTO - Mineras","curso aislacion y bloqueo","Phrase","https://insecap.cl/es/cursos/aislacion-y-bloqueo-loto"
"INS | Search | Web","Estandares Mineros - LOTO - Mineras","curso bloqueo y etiquetado","Phrase","https://insecap.cl/es/cursos/aislacion-y-bloqueo-loto"
"INS | Search | Web","Seguridad Empresas - Trabajo en Altura","curso trabajo en altura","Phrase","https://insecap.cl/es/cursos/trabajo-en-altura"
"INS | Search | Web","Seguridad Empresas - Trabajo en Altura","curso trabajo en altura sence","Phrase","https://insecap.cl/es/cursos/trabajo-en-altura"
"INS | Search | Web","Seguridad Empresas - Trabajo en Altura","capacitacion trabajo en altura","Phrase","https://insecap.cl/es/cursos/trabajo-en-altura"
"INS | Search | Web","Seguridad Empresas - Trabajo en Altura","curso altura fisica","Phrase","https://insecap.cl/es/cursos/trabajo-en-altura"
"INS | Search | Web","Seguridad Empresas - Espacios Confinados","curso espacios confinados","Phrase","https://insecap.cl/es/cursos/espacios-confinados"
"INS | Search | Web","Seguridad Empresas - Espacios Confinados","capacitacion espacios confinados","Phrase","https://insecap.cl/es/cursos/espacios-confinados"
"INS | Search | Web","Seguridad Empresas - Espacios Confinados","curso espacios confinados online","Phrase","https://insecap.cl/es/cursos/espacios-confinados"
"INS | Search | Web","Seguridad Empresas - Izaje y Rigger","curso rigger","Phrase","https://insecap.cl/es/cursos/izaje-y-cargas-suspendidas"
"INS | Search | Web","Seguridad Empresas - Izaje y Rigger","curso rigger sence","Phrase","https://insecap.cl/es/cursos/izaje-y-cargas-suspendidas"
"INS | Search | Web","Seguridad Empresas - Izaje y Rigger","curso izaje de cargas","Phrase","https://insecap.cl/es/cursos/izaje-y-cargas-suspendidas"
"INS | Search | Web","Seguridad Empresas - Izaje y Rigger","curso maniobras de izaje","Phrase","https://insecap.cl/es/cursos/izaje-y-cargas-suspendidas"
"INS | Search | Web","Seguridad Empresas - Izaje y Rigger","certificacion rigger","Phrase","https://insecap.cl/es/cursos/izaje-y-cargas-suspendidas"
"INS | Search | Web","Seguridad Empresas - Andamios","curso andamios","Phrase","https://insecap.cl/es/cursos/montaje-y-uso-de-andamios"
"INS | Search | Web","Seguridad Empresas - Andamios","curso montaje de andamios","Phrase","https://insecap.cl/es/cursos/montaje-y-uso-de-andamios"
"INS | Search | Web","Seguridad Empresas - Andamios","curso andamiero","Phrase","https://insecap.cl/es/cursos/montaje-y-uso-de-andamios"
"INS | Search | Web","Seguridad Empresas - Andamios","curso armado de andamios","Phrase","https://insecap.cl/es/cursos/montaje-y-uso-de-andamios"
"INS | Search | Web","Seguridad Empresas - Trabajos en Caliente","curso trabajos en caliente","Phrase","https://insecap.cl/es/cursos/trabajos-en-caliente"
"INS | Search | Web","Seguridad Empresas - Trabajos en Caliente","capacitacion trabajos en caliente","Phrase","https://insecap.cl/es/cursos/trabajos-en-caliente"
"INS | Search | Web","Seguridad Empresas - Incendio y Extintores","curso uso de extintores","Phrase","https://insecap.cl/es/cursos/incendio-y-emergencias"
"INS | Search | Web","Seguridad Empresas - Incendio y Extintores","curso uso y manejo de extintores","Phrase","https://insecap.cl/es/cursos/incendio-y-emergencias"
"INS | Search | Web","Seguridad Empresas - Incendio y Extintores","curso brigada de emergencia","Phrase","https://insecap.cl/es/cursos/incendio-y-emergencias"
"INS | Search | Web","Seguridad Empresas - Primeros Auxilios","curso primeros auxilios sence","Phrase","https://insecap.cl/es/cursos/primeros-auxilios"
"INS | Search | Web","Seguridad Empresas - Manejo Defensivo","curso manejo defensivo","Phrase","https://insecap.cl/es/cursos/manejo-defensivo-y-conduccion-segura"
"INS | Search | Web","Seguridad Empresas - Manejo Defensivo","curso conduccion a la defensiva","Phrase","https://insecap.cl/es/cursos/manejo-defensivo-y-conduccion-segura"
"INS | Search | Web","Seguridad Empresas - Manejo Defensivo","curso conduccion alta montaña","Phrase","https://insecap.cl/es/cursos/manejo-defensivo-y-conduccion-segura"
"INS | Search | Web","Operacion de Equipos - Grua Horquilla","curso grua horquilla","Phrase","https://insecap.cl/es/cursos/operacion-de-grua-horquilla-y-apilador"
"INS | Search | Web","Operacion de Equipos - Grua Horquilla","curso operador grua horquilla","Phrase","https://insecap.cl/es/cursos/operacion-de-grua-horquilla-y-apilador"
"INS | Search | Web","Operacion de Equipos - Grua Horquilla","curso grua horquilla sence","Phrase","https://insecap.cl/es/cursos/operacion-de-grua-horquilla-y-apilador"
"INS | Search | Web","Operacion de Equipos - Grua Horquilla","certificacion grua horquilla","Phrase","https://insecap.cl/es/cursos/operacion-de-grua-horquilla-y-apilador"
"INS | Search | Web","Operacion de Equipos - Grua Horquilla","curso apilador electrico","Phrase","https://insecap.cl/es/cursos/operacion-de-grua-horquilla-y-apilador"
"INS | Search | Web","Operacion de Equipos - Grua Puente","curso puente grua","Phrase","https://insecap.cl/es/cursos/operacion-de-grua-puente"
"INS | Search | Web","Operacion de Equipos - Grua Puente","curso operador puente grua","Phrase","https://insecap.cl/es/cursos/operacion-de-grua-puente"
"INS | Search | Web","Operacion de Equipos - Grua Puente","certificacion operador puente grua","Phrase","https://insecap.cl/es/cursos/operacion-de-grua-puente"
"INS | Search | Web","Operacion de Equipos - CAEX","curso operador caex","Phrase","https://insecap.cl/es/cursos/operacion-de-camion-de-extraccion-y-especial"
"INS | Search | Web","Operacion de Equipos - CAEX","curso caex","Phrase","https://insecap.cl/es/cursos/operacion-de-camion-de-extraccion-y-especial"
"INS | Search | Web","Operacion de Equipos - CAEX","curso camion de extraccion","Phrase","https://insecap.cl/es/cursos/operacion-de-camion-de-extraccion-y-especial"
"INS | Search | Web","Operacion de Equipos - CAEX","curso operador camion minero","Phrase","https://insecap.cl/es/cursos/operacion-de-camion-de-extraccion-y-especial"
"INS | Search | Web","Operacion de Equipos - Maquinaria Pesada","curso operador maquinaria pesada","Phrase","https://insecap.cl/es/cursos"
"INS | Search | Web","Operacion de Equipos - Maquinaria Pesada","curso retroexcavadora","Phrase","https://insecap.cl/es/cursos"
"INS | Search | Web","Operacion de Equipos - Maquinaria Pesada","curso operador retroexcavadora","Phrase","https://insecap.cl/es/cursos"
"INS | Search | Web","Operacion de Equipos - Maquinaria Pesada","curso cargador frontal","Phrase","https://insecap.cl/es/cursos"
"INS | Search | Web","Operacion de Equipos - Maquinaria Pesada","curso operador cargador frontal","Phrase","https://insecap.cl/es/cursos"
"INS | Search | Web","Operacion de Equipos - Maquinaria Pesada","curso motoniveladora","Phrase","https://insecap.cl/es/cursos"
"INS | Search | Web","Operacion de Equipos - Maquinaria Pesada","curso bulldozer","Phrase","https://insecap.cl/es/cursos"
"INS | Search | Web","Operacion de Equipos - Plataforma Elevadora","curso plataforma elevadora","Phrase","https://insecap.cl/es/cursos/operacion-de-plataforma-elevadora-tijera-boom"
"INS | Search | Web","Operacion de Equipos - Plataforma Elevadora","curso alza hombre","Phrase","https://insecap.cl/es/cursos/operacion-de-plataforma-elevadora-tijera-boom"
"INS | Search | Web","Operacion de Equipos - Plataforma Elevadora","curso operador alza hombre","Phrase","https://insecap.cl/es/cursos/operacion-de-plataforma-elevadora-tijera-boom"
"INS | Search | Web","Operacion de Equipos - Plataforma Elevadora","curso manlift","Phrase","https://insecap.cl/es/cursos/operacion-de-plataforma-elevadora-tijera-boom"
"INS | Search | Web","Operacion de Equipos - Grua Pluma y Torre","curso camion pluma","Phrase","https://insecap.cl/es/cursos/operacion-de-grua-pluma"
"INS | Search | Web","Operacion de Equipos - Grua Pluma y Torre","curso operador camion pluma","Phrase","https://insecap.cl/es/cursos/operacion-de-grua-pluma"
"INS | Search | Web","Operacion de Equipos - Grua Pluma y Torre","curso grua pluma","Phrase","https://insecap.cl/es/cursos/operacion-de-grua-pluma"
"INS | Search | Web","Operacion de Equipos - Grua Pluma y Torre","curso grua torre","Phrase","https://insecap.cl/es/cursos/operacion-de-grua-pluma"
"INS | Search | Web","Operacion de Equipos - Grua Pluma y Torre","curso operador grua torre","Phrase","https://insecap.cl/es/cursos/operacion-de-grua-pluma"
"INS | Search | Web","Tecnicos Industriales - Soldadura","curso soldadura industrial","Phrase","https://insecap.cl/es/cursos/soldadura-industrial"
"INS | Search | Web","Tecnicos Industriales - Soldadura","curso soldadura sence","Phrase","https://insecap.cl/es/cursos/soldadura-industrial"
"INS | Search | Web","Tecnicos Industriales - Soldadura","capacitacion soldadura","Phrase","https://insecap.cl/es/cursos/soldadura-industrial"
"INS | Search | Web","Tecnicos Industriales - Hidraulica y Neumatica","curso hidraulica industrial","Phrase","https://insecap.cl/es/cursos/hidraulica-y-neumatica"
"INS | Search | Web","Tecnicos Industriales - Hidraulica y Neumatica","curso oleohidraulica","Phrase","https://insecap.cl/es/cursos/hidraulica-y-neumatica"
"INS | Search | Web","Tecnicos Industriales - Hidraulica y Neumatica","curso neumatica industrial","Phrase","https://insecap.cl/es/cursos/hidraulica-y-neumatica"
"INS | Search | Web","Tecnicos Industriales - Hidraulica y Neumatica","curso hidraulica y neumatica","Phrase","https://insecap.cl/es/cursos/hidraulica-y-neumatica"
"INS | Search | Web","Tecnicos Industriales - Hidraulica y Neumatica","curso hidraulica maquinaria pesada","Phrase","https://insecap.cl/es/cursos/hidraulica-y-neumatica"
"INS | Search | Web","Tecnicos Industriales - Electricidad","curso electricidad industrial","Phrase","https://insecap.cl/es/cursos/electricidad-industrial"
"INS | Search | Web","Tecnicos Industriales - Electricidad","curso alta tension","Phrase","https://insecap.cl/es/cursos/electricidad-industrial"
"INS | Search | Web","Tecnicos Industriales - Electricidad","curso riesgos electricos","Phrase","https://insecap.cl/es/cursos/electricidad-industrial"
"INS | Search | Web","Tecnicos Industriales - Electricidad","curso baja tension","Phrase","https://insecap.cl/es/cursos/electricidad-industrial"
"INS | Search | Web","Tecnicos Industriales - Mantenimiento","curso mantenimiento mecanico","Phrase","https://insecap.cl/es/cursos/mantenimiento-mecanico"
"INS | Search | Web","Tecnicos Industriales - Mantenimiento","curso lubricacion industrial","Phrase","https://insecap.cl/es/cursos/mantenimiento-mecanico"
"INS | Search | Web","Tecnicos Industriales - Mantenimiento","curso termografia","Phrase","https://insecap.cl/es/cursos/mantenimiento-mecanico"
"INS | Search | Web","Local Norte - OTEC Calama","otec calama","Phrase","https://insecap.cl/es/cursos"
"INS | Search | Web","Local Norte - OTEC Calama","otec en calama","Phrase","https://insecap.cl/es/cursos"
"INS | Search | Web","Local Norte - OTEC Calama","cursos sence calama","Phrase","https://insecap.cl/es/cursos"
"INS | Search | Web","Local Norte - OTEC Calama","capacitacion calama","Phrase","https://insecap.cl/es/cursos"
"INS | Search | Web","Local Norte - OTEC Calama","cursos de capacitacion calama","Phrase","https://insecap.cl/es/cursos"
"INS | Search | Web","Local Norte - OTEC Antofagasta","otec antofagasta","Phrase","https://insecap.cl/es/cursos"
"INS | Search | Web","Local Norte - OTEC Antofagasta","cursos sence antofagasta","Phrase","https://insecap.cl/es/cursos"
"INS | Search | Web","Local Norte - OTEC Atacama","otec vallenar","Phrase","https://insecap.cl/es/cursos"
"INS | Search | Web","Local Norte - OTEC Atacama","cursos vallenar","Phrase","https://insecap.cl/es/cursos"
"INS | Search | Web","Local Norte - OTEC Atacama","cursos sence vallenar","Phrase","https://insecap.cl/es/cursos"
"INS | Search | Web","Local Norte - Cursos Abiertos Calama","curso manejo de sustancias peligrosas","Phrase","https://insecap.cl/es/cursos-abiertos"
"INS | Search | Web","Local Norte - Cursos Abiertos Calama","curso os10 calama","Phrase","https://insecap.cl/es/cursos-abiertos"
"INS | Search | Web","General OTEC - OTEC Empresas","cursos sence para empresas","Phrase","https://insecap.cl/es/cursos"
"INS | Search | Web","General OTEC - OTEC Empresas","cursos franquicia tributaria sence","Phrase","https://insecap.cl/es/cursos"
"INS | Search | Web","General OTEC - OTEC Empresas","otec mineria","Phrase","https://insecap.cl/es/cursos"
"INS | Search | Web","General OTEC - OTEC Empresas","cursos de capacitacion para empresas","Phrase","https://insecap.cl/es/cursos"
"INS | Search | Web","Marca - Insecap","insecap","Phrase","https://insecap.cl/es"
"INS | Search | Web","Marca - Insecap","insecap capacitaciones","Phrase","https://insecap.cl/es"
"INS | Search | Web","Marca - Insecap","insecap calama","Phrase","https://insecap.cl/es"
"INS | Search | Web","Marca - Insecap","insecap cursos","Phrase","https://insecap.cl/es"
"INS | Search | Web","","gratis","Campaign Negative Phrase",""
"INS | Search | Web","","gratuito","Campaign Negative Phrase",""
"INS | Search | Web","","gratuitos","Campaign Negative Phrase",""
"INS | Search | Web","","pdf","Campaign Negative Phrase",""
"INS | Search | Web","","ppt","Campaign Negative Phrase",""
"INS | Search | Web","","descargar","Campaign Negative Phrase",""
"INS | Search | Web","","manual","Campaign Negative Phrase",""
"INS | Search | Web","","que es","Campaign Negative Phrase",""
"INS | Search | Web","","youtube","Campaign Negative Phrase",""
"INS | Search | Web","","video","Campaign Negative Phrase",""
"INS | Search | Web","","empleo","Campaign Negative Phrase",""
"INS | Search | Web","","ofertas de trabajo","Campaign Negative Phrase",""
"INS | Search | Web","","vacantes","Campaign Negative Phrase",""
"INS | Search | Web","","sueldo","Campaign Negative Phrase",""
"INS | Search | Web","","cuanto gana","Campaign Negative Phrase",""
"INS | Search | Web","","beca","Campaign Negative Phrase",""
"INS | Search | Web","","becas","Campaign Negative Phrase",""
"INS | Search | Web","","licencia clase d","Campaign Negative Phrase",""
"INS | Search | Web","","inacap","Campaign Negative Phrase",""
"INS | Search | Web","","duoc","Campaign Negative Phrase",""
"INS | Search | Web","","aiep","Campaign Negative Phrase",""
"INS | Search | Web","","examen","Campaign Negative Phrase",""
"INS | Search | Web","","respuestas","Campaign Negative Phrase",""
"INS | Search | Web","","decreto","Campaign Negative Phrase",""
"INS | Search | Web","","arriendo","Campaign Negative Phrase",""
"INS | Search | Web","","sap","Campaign Negative Phrase",""
"INS | Search | SAP PM","SAP PM General","curso sap pm","Phrase","https://insecap.cl/es/sap-pm"
"INS | Search | SAP PM","SAP PM General","curso sap modulo pm","Phrase","https://insecap.cl/es/sap-pm"
"INS | Search | SAP PM","SAP PM General","curso sap mantenimiento","Phrase","https://insecap.cl/es/sap-pm"
"INS | Search | SAP PM","Planificacion y Programacion","curso planificador de mantenimiento","Phrase","https://insecap.cl/es/sap-pm"
"INS | Search | SAP PM","KPI y Confiabilidad","curso confiabilidad mantenimiento","Phrase","https://insecap.cl/es/sap-pm"
"INS | Search | SAP PM","KPI y Confiabilidad","curso gestion del mantenimiento","Phrase","https://insecap.cl/es/sap-pm"
"INS | Search | SAP PM","","gratis","Campaign Negative Phrase",""
"INS | Search | SAP PM","","gratuito","Campaign Negative Phrase",""
"INS | Search | SAP PM","","gratuitos","Campaign Negative Phrase",""
"INS | Search | SAP PM","","pdf","Campaign Negative Phrase",""
"INS | Search | SAP PM","","ppt","Campaign Negative Phrase",""
"INS | Search | SAP PM","","descargar","Campaign Negative Phrase",""
"INS | Search | SAP PM","","manual","Campaign Negative Phrase",""
"INS | Search | SAP PM","","que es","Campaign Negative Phrase",""
"INS | Search | SAP PM","","youtube","Campaign Negative Phrase",""
"INS | Search | SAP PM","","video","Campaign Negative Phrase",""
"INS | Search | SAP PM","","empleo","Campaign Negative Phrase",""
"INS | Search | SAP PM","","ofertas de trabajo","Campaign Negative Phrase",""
"INS | Search | SAP PM","","vacantes","Campaign Negative Phrase",""
"INS | Search | SAP PM","","sueldo","Campaign Negative Phrase",""
"INS | Search | SAP PM","","cuanto gana","Campaign Negative Phrase",""
"INS | Search | SAP PM","","beca","Campaign Negative Phrase",""
"INS | Search | SAP PM","","becas","Campaign Negative Phrase",""
"INS | Search | SAP PM","","licencia clase d","Campaign Negative Phrase",""
"INS | Search | SAP PM","","inacap","Campaign Negative Phrase",""
"INS | Search | SAP PM","","duoc","Campaign Negative Phrase",""
"INS | Search | SAP PM","","aiep","Campaign Negative Phrase",""
"INS | Search | SAP PM","","examen","Campaign Negative Phrase",""
"INS | Search | SAP PM","","respuestas","Campaign Negative Phrase",""
"INS | Search | SAP PM","","decreto","Campaign Negative Phrase",""
"INS | Search | SAP PM","","arriendo","Campaign Negative Phrase",""
"INS | Search | SAP PM","","certificacion sap","Campaign Negative Phrase",""
"INS | Search | SAP PM","","consultor sap","Campaign Negative Phrase",""
"INS | Search | SAP PM","","sap fico","Campaign Negative Phrase",""
"INS | Search | SAP PM","","sap hr","Campaign Negative Phrase",""
"INS | Search | SAP PM","","sap abap","Campaign Negative Phrase",""
