keyword,busquedas_mes,competencia,cpc_bajo_clp,cpc_alto_clp
curso grua horquilla,1K-10K,Medio,145,354
insecap,1K-10K,Bajo,357,1008
curso trabajo en altura,100-1K,Medio,169,628
curso rigger,100-1K,Bajo,150,674
curso rigger sence,100-1K,Bajo,191,489
curso operador grua horquilla,100-1K,Medio,137,331
curso grua horquilla sence,100-1K,Medio,123,403
curso operador caex,100-1K,Alto,184,494
curso caex,100-1K,Alto,197,546
curso operador maquinaria pesada,100-1K,Alto,135,483
curso retroexcavadora,100-1K,Medio,133,375
curso cargador frontal,100-1K,Medio,109,452
curso camion pluma,100-1K,Medio,114,324
curso operador camion pluma,100-1K,Medio,134,418
curso soldadura sence,100-1K,Bajo,108,610
curso electricidad industrial,100-1K,Alto,258,1497
otec calama,100-1K,Medio,156,597
otec en calama,100-1K,Medio,156,597
otec antofagasta,100-1K,Medio,265,1110
cursos sence antofagasta,100-1K,Medio,147,829
curso os10 calama,100-1K,Bajo,78,597
insecap calama,100-1K,Bajo,216,926
curso sap pm,100-1K,Medio,206,672
insecap capacitaciones,100-1K,Bajo,204,1164
curso bloqueo y etiquetado,10-100,,,
curso trabajo en altura sence,10-100,Alto,,
capacitacion trabajo en altura,10-100,Bajo,204,758
curso altura fisica,10-100,Medio,263,699
curso espacios confinados,10-100,Bajo,149,900
capacitacion espacios confinados,10-100,Bajo,,
curso espacios confinados online,10-100,Alto,,
curso izaje de cargas,10-100,Bajo,169,403
curso maniobras de izaje,10-100,Bajo,,
certificacion rigger,10-100,Bajo,175,610
curso andamios,10-100,Bajo,251,1344
curso montaje de andamios,10-100,Medio,140,827
curso andamiero,10-100,Bajo,161,765
curso armado de andamios,10-100,Medio,219,857
curso trabajos en caliente,10-100,Bajo,,
capacitacion trabajos en caliente,10-100,Bajo,,
curso uso de extintores,10-100,Bajo,155,644
curso uso y manejo de extintores,10-100,Bajo,250,806
curso brigada de emergencia,10-100,Medio,259,3563
curso primeros auxilios sence,10-100,Bajo,90,400
curso manejo defensivo,10-100,Bajo,157,365
curso conduccion a la defensiva,10-100,Bajo,,
curso conduccion alta montaña,10-100,Bajo,,
certificacion grua horquilla,10-100,Medio,145,379
curso apilador electrico,10-100,Medio,163,522
curso puente grua,10-100,Bajo,201,881
curso operador puente grua,10-100,Medio,87,606
certificacion operador puente grua,10-100,Alto,,
curso camion de extraccion,10-100,Alto,213,615
curso operador camion minero,10-100,Alto,,
curso operador retroexcavadora,10-100,Medio,130,331
curso operador cargador frontal,10-100,Medio,102,387
curso motoniveladora,10-100,Medio,108,264
curso bulldozer,10-100,Medio,119,317
curso plataforma elevadora,10-100,Medio,,
curso alza hombre,10-100,Medio,296,933
curso operador alza hombre,10-100,Medio,260,1033
curso manlift,10-100,Alto,174,465
curso grua pluma,10-100,Bajo,142,366
curso grua torre,10-100,Bajo,222,643
curso operador grua torre,10-100,Bajo,177,349
curso soldadura industrial,10-100,Medio,,
capacitacion soldadura,10-100,Bajo,62,769
curso hidraulica industrial,10-100,Medio,173,1116
curso oleohidraulica,10-100,Bajo,,
curso neumatica industrial,10-100,Bajo,,
curso hidraulica y neumatica,10-100,Alto,,
curso hidraulica maquinaria pesada,10-100,Medio,142,1139
curso alta tension,10-100,Medio,,
curso riesgos electricos,10-100,Bajo,307,542
curso baja tension,10-100,,,
curso mantenimiento mecanico,10-100,Medio,,
curso lubricacion industrial,10-100,Medio,,
curso termografia,10-100,Medio,231,409
cursos sence calama,10-100,Medio,216,1043
capacitacion calama,10-100,Medio,148,426
cursos de capacitacion calama,10-100,,,
otec vallenar,10-100,Bajo,234,1803
cursos vallenar,10-100,Medio,108,841
cursos sence vallenar,10-100,Bajo,,
curso manejo de sustancias peligrosas,10-100,Bajo,,
cursos sence para empresas,10-100,Alto,1328,17729
cursos franquicia tributaria sence,10-100,Medio,,
otec mineria,10-100,Medio,293,739
cursos de capacitacion para empresas,10-100,,,
curso sap modulo pm,10-100,Alto,,
curso sap mantenimiento,10-100,Medio,,
curso planificador de mantenimiento,10-100,Alto,348,1926
curso confiabilidad mantenimiento,10-100,Medio,328,731
curso gestion del mantenimiento,10-100,,,
curso aislacion y bloqueo,10-100,Bajo,,
insecap cursos,10-100,Bajo,,
